{"cameraMode":{"drawMode":0,"name":"Shaded","section":"Shading Mode"},"sceneLighting":true,"audioPlay":false,"sceneViewState":{"m_AlwaysRefresh":false,"showFog":true,"showSkybox":true,"showFlares":true,"showImageEffects":true,"showParticleSystems":true,"showVisualEffectGraphs":true,"m_FxEnabled":true},"in2DMode":false,"pivot":{"x":2.8268702030181886,"y":1.6374174356460572,"z":-10.174240112304688},"rotation":{"x":0.026487668976187707,"y":-0.9284768104553223,"z":0.36419805884361269,"w":0.06753308326005936},"size":17.990867614746095,"orthographic":false}